-0.025876,0.24056,0.034536,0.0031047,-0.053843,0.024623,0.0062523,-0.014705,-0.00065454,-0.010616
-0.043095,0.39325,0.05499,0.010354,0.022364,-0.044171,-0.0077264,-0.059809,-0.051828,0.014014
-0.0014084,0.010112,-0.0011613,6.2022E-06,-0.00059522,0.001569,0.00015066,0.0090303,0.0059161,-0.0076878
-0.039595,0.3505,0.042474,0.01724,0.039458,-0.13527,0.012422,0.0091831,0.04214,-0.070792
-0.031839,0.2974,0.045589,0.0066517,0.021669,-0.025937,0.000076472,-0.043495,-0.022068,-0.0017597
-0.038397,0.3662,0.045139,-0.0056037,-0.20827,0.24108,0.036649,0.044314,0.049112,0.0066294
-0.01997,0.18228,0.02217,0.0060984,-0.046501,-0.052194,-0.0043706,-0.056481,0.011749,-0.011121
-0.046871,0.46216,0.064519,-0.010271,-0.030498,0.3245,0.029995,0.067023,-0.0011506,0.012597
-0.056216,0.52502,0.093491,0.020687,0.056727,-0.13529,-0.0088807,-0.082605,-0.087454,0.00052066
-0.051624,0.48174,0.07304,0.0062942,-0.041685,0.053881,0.0080155,-0.032803,-0.011926,-0.028895
-0.062624,0.55201,0.093637,0.0080817,0.031542,-0.0010004,-0.0058724,-0.069756,-0.047233,-0.042701
-0.0084152,0.055929,0.015643,-0.0055266,-0.010066,0.043858,-0.0057617,0.027429,-0.014843,-0.042945
-0.02084,0.18853,0.016323,0.0033346,-0.021238,0.0086398,0.004527,-0.00917,-0.013797,0.0020833
-0.040637,0.36114,0.050124,0.0076036,0.015117,-0.0069648,0.01804,0.074843,-0.027842,-0.024852
-0.027471,0.25056,0.040529,0.0052914,0.018231,-0.019916,-0.0055225,-0.049286,-0.013237,-0.016203
-0.036289,0.34438,0.056001,0.005677,0.019257,0.004692,0.0044362,-0.040073,-0.040372,0.0084441
-0.0086295,0.071379,-0.010703,-0.037012,-0.013973,0.052922,-0.66004,0.12314,0.044086,-0.0010028
-0.023327,0.20064,0.022062,-0.00021521,-0.0015369,0.070717,0.0084777,0.011244,-0.011357,0.0044065
-0.035547,0.32841,0.047973,0.0085422,-0.011043,-0.033066,-0.021586,-0.032782,-0.011253,-0.0085555
-0.045041,0.40155,0.051422,-0.0056469,-0.12686,0.21398,0.023392,0.0055635,0.048215,-0.021591
-0.049224,0.46132,0.071374,0.0057496,-0.031483,0.048547,0.0070451,-0.032247,-0.018091,-0.025818
-0.036116,0.33297,0.047906,0.0092417,-0.022033,-0.027159,-0.00147,-0.033253,-0.013264,-0.0065271
-0.04025,0.37643,0.04675,0.001718,0.0021595,0.12126,0.016379,-0.011564,0.015223,0.0089125
-0.012218,0.098097,-0.011574,-0.0004877,-0.00024866,0.0011811,-0.002131,-0.0044816,-0.01446,-0.017458
-0.012268,0.10937,0.020619,-0.0087529,-0.023037,0.17139,0.017304,0.094573,-0.025009,0.0028863
-0.028241,0.09591,-0.32193,-0.0015097,0.0052029,-0.0018757,0.0010151,0.046788,-0.095923,-0.0058149
-0.034687,0.32621,0.050852,-0.0046783,-0.011173,0.19055,0.028391,0.081861,-0.04214,0.028985
-0.028302,0.2632,0.039146,0.0063943,0.0050088,-0.00027303,0.0010588,-0.03533,-0.0090276,-0.0004009
-0.014789,0.11753,0.012772,-0.011476,-0.18346,0.1422,0.011969,0.065658,-0.028031,0.017513
-0.035171,0.27404,0.057495,-0.0089232,-0.0095701,0.093363,-0.0088727,0.0023851,-0.079607,-0.033355
-0.066692,0.61892,0.097196,0.010624,0.027565,0.072859,0.012853,-0.0011975,-0.046069,-0.0002387
-0.029372,0.26682,0.042257,0.0052855,0.012153,0.014615,0.010959,0.036554,-0.030935,-0.011362
-0.03694,0.34679,0.05522,-0.0030407,-0.0068347,0.17437,0.02832,0.074608,-0.05017,0.03202
-0.035587,0.31079,0.041917,0.017518,0.037875,-0.15335,0.014156,0.065326,-0.0072775,-0.06274
-0.03694,0.34679,0.05522,-0.0030407,-0.0068347,0.17437,0.02832,0.074608,-0.05017,0.03202
-0.020622,0.19057,0.023592,-0.0036857,-0.0069538,0.10882,-0.02627,0.026819,0.014926,-0.0046049
-0.0049474,0.056643,0.013044,0.0005966,-0.002945,0.0063109,-0.00088686,0.063819,0.014458,-0.065436
-0.0028628,0.026738,0.003097,-0.0011514,-0.0045425,0.021249,0.00050645,0.0059883,-0.0029133,0.0017056
-0.058183,0.53727,0.068301,0.0096692,0.017414,0.061984,0.0090674,-0.077518,0.076857,-0.044316
-0.037769,0.35339,0.056983,0.0096842,0.023811,-0.028864,-0.0035985,-0.046963,-0.046211,0.0074464
-0.039167,0.37533,0.065244,0.00049799,0.0039734,0.1232,0.01712,0.032667,-0.067193,0.030714
-0.023269,0.21399,0.0259,0.0023388,-0.0064358,0.021336,0.0017209,-0.020859,0.027678,-0.017265
-0.02555,0.23736,0.033868,-0.0044223,-0.011878,0.13472,0.0013023,0.040079,-0.041806,0.0081666
-0.03052,0.28548,0.035582,-0.00036675,-0.0052136,0.084839,0.0075422,-0.0036443,-0.010063,0.0062104
-0.0041991,0.024472,-0.0047089,0.00092521,0.00091517,-0.025989,0.016396,0.096506,0.017291,-0.033504
-0.019208,0.16096,0.014497,-0.0093827,-0.055469,0.19474,0.02349,0.089648,-0.0084623,0.017847
-0.031168,0.28975,0.041449,0.0048002,0.026244,-0.081705,-0.15492,-0.061307,0.030865,-0.024775
-0.044815,0.42547,0.078413,0.019472,0.048643,-0.16042,-0.015344,-0.031307,-0.04108,-0.075832
-0.038737,0.35979,0.05174,0.0063292,0.011176,0.054583,-0.004281,-0.03263,0.020559,-0.025939
-0.036219,0.34414,0.059989,0.0068519,0.023603,-0.011848,-0.0046348,-0.041249,-0.046635,0.0020749
-3.8959E-16,8.7966E-16,-3.3876E-16,-3.4888E-17,-1.3068E-16,1.2156E-16,-1.2993E-17,4.1895E-17,7.7714E-17,3.3436E-17
-0.044632,0.4191,0.06266,0.0090875,-0.0077113,0.010924,0.0056687,-0.047567,-0.011441,-0.0020192
-0.039306,0.36779,0.065305,0.014573,0.040037,-0.099157,-0.0080593,-0.059268,-0.058636,-0.00392
-0.0283,0.26832,0.045777,-0.015578,0.016427,-0.03011,-0.44059,0.057248,-0.00096794,-0.0059923
-0.029564,0.25597,0.037179,0.003221,-0.053877,0.027314,0.0048599,0.0061578,-0.010881,-0.014216
-0.021999,0.19933,0.030871,0.0076727,0.019712,-0.052341,0.0036552,-0.0025799,-0.019369,-0.010919
-0.014951,0.12734,0.015044,-0.00052033,-0.00091176,0.036203,0.0057259,0.020753,0.0076926,-0.024647
-0.025124,0.241,0.044603,0.0030851,0.024506,-0.048154,-0.15171,-0.018975,-0.031218,-0.0049962
-0.051209,0.48636,0.075996,0.0055131,0.0028096,0.098669,0.015326,-0.0022072,-0.025551,0.0040458
-0.043356,0.37214,0.059366,0.0071651,-0.030647,-0.020895,0.0036305,-0.0056982,-0.038838,-0.023132
-0.041848,0.39185,0.057469,0.0066371,-0.014477,0.032893,0.0027637,-0.04177,-0.0046176,-0.0040029
-0.043172,0.39692,0.056642,0.0089744,-0.0020195,-0.014559,0.0053449,-0.0047422,-0.025718,-0.0063433
-0.020481,0.20028,0.038359,-0.037443,0.013893,-0.053034,-0.87143,0.10125,0.035165,-0.0034274
-0.034555,0.32814,0.047197,-0.00011402,-0.014538,0.11007,0.011048,0.013522,-0.016198,0.005034
-0.027777,0.27079,0.046198,-0.0024893,-0.0040334,0.12288,0.0096267,0.033204,-0.047305,0.024235
-0.0092202,0.082255,-0.0021578,0.00072244,-0.045604,0.026128,0.00055231,-0.029116,0.079234,-0.029227
-0.044874,0.42401,0.065978,0.0075684,0.019591,0.047124,0.0084326,-0.025711,-0.023599,0.0056218
-0.026714,0.2267,0.041274,-0.010319,-0.0074347,0.10467,-0.12972,0.050918,-0.035246,-0.012365
-0.044402,0.41191,0.057932,0.0082483,-0.00029277,0.016962,0.0050171,-0.046745,0.016613,-0.020761
-0.063128,0.58014,0.092984,-0.0011321,-0.082745,0.20818,0.028068,0.033176,-0.086443,0.052681
-0.032788,0.31082,0.044239,0.00046774,-0.013426,0.096262,0.0098546,0.010531,-0.012588,0.0015065
-0.039764,0.36872,0.056625,0.0048165,0.0037831,0.03767,0.0075009,-0.021666,-0.021254,-0.002009
-0.012611,0.11178,-0.013662,-0.0028244,-0.014486,0.087139,0.0016426,0.029078,0.0060203,-0.013874
-0.015401,0.14293,0.016417,0.00054523,-0.00094723,0.035622,0.0094149,0.010566,0.018527,-0.014449
-0.043242,0.40088,0.064622,-0.0096235,-0.023964,0.30137,0.034693,0.091025,-0.052135,0.040424
-0.055993,0.50372,0.075699,0.0062208,-0.099899,0.024702,-0.027864,-0.043615,-0.057852,0.0010198
-0.030694,0.28886,0.04559,0.0043143,-0.057962,0.033666,0.0067103,-0.013416,-0.027468,0.010969
-0.012345,0.11182,0.026887,-0.53451,0.0024998,-0.029978,-0.70532,0.10487,0.039262,-0.011763
-0.04646,0.43474,0.068554,0.011958,0.033789,-0.035805,-0.0020117,-0.073412,-0.023422,-0.0081714
-0.037189,0.35545,0.05192,0.001115,0.001318,0.12151,0.015196,0.0017234,0.0033253,0.001575
-0.029202,0.25595,0.036216,0.00042194,-0.051477,0.061397,0.0071945,0.018679,-0.0089508,-0.0133
-0.012314,0.10877,-0.013733,-0.0024571,-0.012886,0.08464,0.0026173,0.029367,0.0055074,-0.013751
-0.048051,0.45724,0.054772,-0.010663,-0.13307,0.37834,0.043769,0.11021,0.051727,0.0071641
-0.019457,0.20516,0.022323,-0.018338,-0.05256,0.33422,0.020713,0.10777,-0.00018249,0.0080939
-0.037681,0.34866,0.052635,-0.0025923,-0.006364,0.1584,0.032157,0.095638,-0.045402,0.02321
-0.033382,0.32464,0.025384,-0.0078597,-0.19717,0.2832,0.025754,0.067942,0.1149,-0.037702
-0.0023872,0.023832,-0.0016505,-0.00074828,-0.0034704,0.025471,0.0021138,-0.007004,0.036371,-0.015321
-0.028573,0.16843,-0.16471,-0.0021086,-0.0034761,0.025414,-0.0060082,-0.030515,0.011945,-0.018717
-0.055624,0.52155,0.089677,0.0082206,0.057656,-0.1783,-0.2833,-0.062423,-0.031547,-0.039956
-0.019174,0.18861,0.033572,-0.0062314,-0.016515,0.17719,0.02262,0.07927,-0.051,0.040196
-0.035354,0.34898,0.050644,-0.01406,-0.039335,0.38324,0.049674,0.12377,-0.020061,0.060987
-0.037761,0.35324,0.054012,0.0059484,-0.024805,0.023775,0.0041278,-0.031197,-0.017154,-0.00079741
-0.037357,0.346,0.052903,-0.0021388,-0.005231,0.15691,0.032266,0.097058,-0.045578,0.023094
-0.038414,0.35837,0.054293,0.0067873,-0.033078,0.012351,0.0026707,-0.038483,-0.015376,-0.002218
-0.042157,0.38612,0.066574,0.0049638,0.017165,0.016051,0.003355,-0.022776,-0.077737,0.018104
-0.039034,0.3669,0.058409,-0.0038273,-0.0092697,0.20008,0.015463,0.037033,-0.032889,0.023287
-0.014365,0.14673,0.028243,-0.050829,-0.0027418,0.019718,-1.0364,0.16331,0.073603,-0.0038443
-0.045674,0.42449,0.057583,0.012921,0.026117,-0.0034273,0.0041378,-0.067524,0.047287,-0.036777
-0.057003,0.53466,0.089884,0.0093116,0.028903,0.028125,0.0061081,-0.049165,-0.078312,0.020886
-0.044759,0.39148,0.060542,0.0067285,0.017895,0.020773,0.025057,0.091643,-0.064443,-0.0045727
-0.046483,0.44284,0.052888,-0.01072,-0.13282,0.37396,0.043414,0.1081,0.053224,0.0065563
-0.054247,0.4279,0.085381,-0.0098258,-0.0074303,0.1232,-0.0098814,-0.0020058,-0.11353,-0.033248
-0.016318,0.14826,0.019738,0.0011839,-0.0083493,0.040263,0.0074894,0.0065531,0.0037578,-0.0020796
-0.038058,0.35116,0.052994,-0.0021638,-0.0058556,0.16047,0.034459,0.10742,-0.043916,0.021
-0.067864,0.62025,0.097293,0.018409,0.048675,-0.085636,-0.00036596,-0.073612,-0.038581,-0.024946
-0.013304,0.10316,0.010388,-0.0093511,-0.17008,0.12656,0.011889,0.062522,-0.024416,0.017724
-0.035354,0.34898,0.050644,-0.01406,-0.039335,0.38324,0.049674,0.12377,-0.020061,0.060987
-0.011726,0.066425,0.018917,-0.0053706,-0.011033,0.052632,-0.0070796,0.039665,-0.019476,-0.058229
-0.021284,0.17904,0.027998,-0.0041001,-0.010664,0.11147,0.0073506,0.0236,-0.019941,-0.00064515
-0.0039232,0.048021,0.012528,-0.044676,-0.014477,0.062736,-0.8005,0.16244,0.051927,0.0068782
-0.065548,0.60647,0.095816,0.02316,-0.028313,-0.16574,-0.0082174,-0.14062,-0.049462,-0.004881
-0.040777,0.37719,0.066841,0.019312,0.052799,-0.17063,-0.014791,-0.097576,-0.056883,-0.010394
-0.058753,0.56852,0.099127,-0.010393,-0.08088,0.35388,0.049938,0.12778,-0.13788,0.10475
-0.03555,0.32819,0.047812,0.009588,-0.010843,-0.033429,-0.0021833,-0.036271,-0.01272,-0.0085351
-0.028856,0.26923,0.040115,-0.0025739,-0.007006,0.12136,0.013257,0.020444,-0.01544,0.0091488
-0.049902,0.46014,0.071995,0.01374,-0.012433,-0.072231,-0.0054743,-0.087732,-0.026774,-0.029965
-0.077849,0.70558,0.1011,0.022134,0.052423,-0.063758,0.0081246,-0.090526,0.022269,-0.040702
-0.038447,0.36274,0.052553,0.0024868,-0.043803,0.078236,0.0096307,-0.021737,0.0032774,-0.010652
-0.035513,0.33228,0.047514,0.0051817,-0.078431,0.01285,0.006676,-0.031187,-0.026558,0.0082836
-0.052249,0.48728,0.074163,0.0065448,-0.040255,0.051043,0.0080414,-0.034048,-0.014122,-0.028582
-0.037044,0.34674,0.051064,0.0056609,-0.016879,0.033664,0.0039053,-0.033589,-0.0052549,-0.0022768
-0.030892,0.28156,0.035092,0.0086654,-0.030249,-0.032448,-0.000299,-0.063638,0.026821,-0.019083
-0.021219,0.20651,0.029547,-0.0018153,-0.0047442,0.12054,0.00023027,0.015171,-0.0014417,0.0054152
-0.03578,0.33415,0.054161,0.0093246,0.025219,-0.03201,-0.00024397,-0.04372,-0.036154,-0.0031181
-0.043498,0.40212,0.061295,0.0024797,-0.01196,0.099765,0.015542,-0.005271,-0.025068,0.013134
-0.032659,0.30982,0.051324,0.0027436,0.0099711,0.05223,0.0084106,0.002404,-0.043008,0.0090221
-0.027647,0.26899,0.045701,-0.0021368,-0.0035521,0.12118,0.0098328,0.033343,-0.046751,0.024708
-0.041851,0.38794,0.058862,0.017805,0.042823,-0.11725,-0.010095,-0.10096,0.0085354,-0.038149
-0.02656,0.25219,0.032577,0.0014698,-0.019745,0.038453,0.0018535,-0.024147,0.0022014,-0.004622
-0.013751,0.11933,0.012121,0.0056629,0.015141,-0.04641,-0.0054727,-0.030173,-0.011917,-0.001996
-0.025977,0.23789,0.037848,-0.002753,-0.086164,0.085335,0.0077169,0.015783,-0.03757,0.010272
-0.02864,0.28055,0.049331,-0.0059001,-0.0099131,0.15534,0.020302,0.053008,-0.06671,0.037978
-0.037358,0.34229,0.05152,0.0023514,-0.033012,0.062663,0.0054806,-0.021416,-0.0027561,-0.01338
-0.021784,0.20212,0.026911,0.0047794,0.0048779,-0.043058,-0.018315,-0.051695,-0.013482,0.0015693
-0.038504,0.36586,0.058236,-0.028717,-0.029232,0.0051764,-0.71245,0.078954,0.025119,0.011367
-0.06406,0.58206,0.098444,0.012901,0.036739,0.0031688,0.0030132,-0.056261,-0.082,0.011848
-0.023269,0.21399,0.0259,0.0023388,-0.0064358,0.021336,0.0017209,-0.020859,0.027678,-0.017265
-0.027623,0.25651,0.041982,-0.0019293,-0.0050779,0.12799,0.00092124,0.020997,-0.023102,0.0063506
-0.0076435,0.071254,0.0012264,0.0003979,-0.063633,0.035369,0.0043177,-0.01687,0.059575,-0.020195
-0.036093,0.3374,0.054737,0.0074442,0.018848,0.015327,0.0042659,-0.026918,-0.039567,0.016665
-0.051239,0.4272,0.081422,0.0025877,0.010153,0.065519,-0.0035827,0.014683,-0.085346,-0.041355
-0.040555,0.38007,0.056758,0.0061806,-0.015029,0.032063,0.0036483,-0.03687,-0.0091752,-0.0027915
-0.035395,0.33689,0.052077,0.0051822,0.0091268,0.060313,0.0086499,0.020258,-0.0019629,-0.024497
-0.011814,0.10539,0.017788,-0.0098818,-0.023481,0.17052,0.016002,0.07386,-0.012613,0.002084
-0.043029,0.39592,0.055779,0.0084251,0.025512,-0.018224,0.0035443,-0.055115,-0.011021,0.0021624
-0.048579,0.45654,0.064182,0.0059353,-0.0063111,0.054511,0.0081499,-0.041766,0.00329,-0.0078372
-0.030925,0.22361,0.048648,-0.0082381,-0.013596,0.13046,-0.0019261,0.043094,-0.071325,-0.033737
-0.026282,0.24393,0.029417,0.0044225,0.0074231,0.01832,0.0014959,-0.043107,0.040407,-0.03135
-0.038609,0.35125,0.046483,0.0049984,-0.016242,0.042542,0.004659,0.0072714,-0.017625,0.012638
-0.013868,0.14378,0.026452,-0.013993,-0.036045,0.28463,0.034554,0.12724,-0.056256,0.064127
-0.052593,0.48276,0.075702,0.01388,0.037569,-0.064101,0.0022891,-0.029135,-0.023116,-0.039942
-0.030276,0.28627,0.048447,-0.0052898,-0.011582,0.16764,0.016886,0.062662,-0.032131,-0.0044499
-0.049076,0.43901,0.069261,0.0046999,-0.076495,0.037945,0.026756,0.075223,-0.081909,0.015314
-0.015054,0.11562,-0.0025848,0.0015877,0.0035348,-0.036975,0.012342,0.044571,0.021088,-0.029918
-0.020578,0.1724,0.01626,0.0084544,0.021809,-0.072848,-0.0041453,-0.035273,-0.0028067,0.008942
-0.043875,0.40688,0.059464,-0.044142,0.03902,-0.079198,0.00023988,-0.096411,0.017064,-0.024888
-0.045272,0.43547,0.055878,-0.0051878,-0.023419,0.32093,0.044841,0.066221,0.038397,0.0289
-0.039782,0.36647,0.056352,-0.0052796,-0.0071355,0.14999,0.0049294,0.054007,-0.011424,-0.038575
-0.039071,0.37126,0.058003,-0.0076562,-0.019972,0.2701,0.033672,0.082084,-0.041663,0.042198
-0.068895,0.65139,0.10242,0.011354,0.027601,0.074779,0.0010049,-0.051327,-0.03807,0.0086547
-0.058081,0.54015,0.081046,0.012505,0.021851,-0.0058086,0.0066376,-0.057039,-0.013254,-0.014712
-0.021058,0.18746,0.025629,-0.0086917,0.0022574,0.010867,-0.21296,0.17058,0.0063842,-0.033688
-0.044691,0.40716,0.045117,-0.0043407,-0.058183,0.18401,0.0082309,0.0079042,0.027051,-0.0057674
-0.043919,0.39153,0.066587,-0.046802,-0.53603,0.43144,0.047232,0.16033,-0.12489,0.026154
-0.00019012,0.0025582,0.00060313,-0.00029132,-0.00048568,0.0025982,-0.000023265,0.00031774,-0.00031902,-0.00047525
-0.062729,0.22253,0.034569,-0.0037524,-0.011569,0.13898,0.010904,0.027456,-0.011226,0.0082029
-0.023859,0.23436,0.030953,-0.0041225,-0.065085,0.10548,-0.0099275,0.014973,-0.011096,0.0056632
-0.036986,0.34343,0.04809,0.0078089,0.016111,0.019686,0.0081517,-0.019027,0.02559,-0.031893
-0.010738,0.031808,-0.10181,-0.0014718,-0.0018776,0.015855,-0.0024137,-0.005326,-0.00095435,-0.0061788
-0.0041665,0.019119,-0.019372,0.00084231,-0.030016,-0.0022172,0.005267,-0.0029237,0.065566,0.043015
-7.3589E-16,1.6204E-15,-6.4526E-16,-4.6517E-17,-2.3958E-16,2.6087E-16,-5.1973E-17,1.0893E-16,1.4945E-16,1.3783E-16
-0.0019615,0.0037752,-0.011687,3.5328E-06,0.000035633,-0.0006892,0.00099157,-0.00089021,0.013016,0.0026727
-0.0097195,0.066145,0.013552,-0.066935,-0.014672,0.085312,0.0038033,0.026561,-0.016111,-0.015805
-0.042491,0.3711,0.049571,0.0060902,0.014412,0.039511,0.0025757,-0.070901,0.060262,-0.050842
-0.062527,0.56505,0.095378,0.022717,0.06172,-0.18027,-0.0038624,-0.040432,-0.069551,-0.042978
-0.024357,0.22447,0.030404,-0.0011009,-0.0039903,0.093487,0.0077847,0.000080489,0.023878,-0.024883
-0.031503,0.29877,0.037173,-0.0075332,-0.099267,0.14971,0.012783,0.013167,-0.015875,0.019338
-0.059904,0.517,0.094151,0.018906,0.051319,-0.15992,-0.026508,-0.099599,-0.083362,-0.048665
-0.044402,0.41191,0.057932,0.0082483,-0.00029277,0.016962,0.0050171,-0.046745,0.016613,-0.020761
-0.0026741,0.036389,0.0098435,-0.0063964,-0.0089614,0.031376,-0.0038147,0.0012827,-0.0092527,-0.012548
-0.039405,0.36893,0.065565,0.014585,0.039978,-0.099031,-0.0080771,-0.057991,-0.058347,-0.0052287
-0.032018,0.2937,0.044,0.0021143,0.0034196,0.05277,0.0022778,-0.015048,-0.019029,-0.0046647
-6.0603E-16,1.9445E-15,-5.8074E-16,0,-2.178E-16,2.5352E-16,-2.5986E-17,5.0274E-17,1.355E-16,1.0776E-16
-0.018372,0.10089,-0.089487,0.0034461,0.0083859,-0.0087342,0.0026389,-0.04399,0.11434,-0.045201
-0.0012863,0.014727,0.0033915,0.00015512,-0.00076569,0.0016408,-0.00023058,0.016593,0.003759,-0.017013
-0.043836,0.27329,-0.21297,0.00082595,0.000037177,0.1052,0.01187,-0.03263,0.051829,-0.0016213
-0.0093819,0.078074,-0.021194,0.0053631,-0.0014759,0.0055107,0.027307,0.022715,0.29878,0.25451
-0.001913,0.017564,-0.0016288,0.00008406,-0.0022028,0.015431,0.0018629,-0.003405,0.025364,-0.012019
-0.064279,0.12601,-0.74705,-0.010203,-0.0054478,0.028938,-0.012986,-0.085202,-0.0052375,0.06744
-0.014562,0.11906,0.0023206,0.0058799,0.011072,-0.019901,0.0025139,-0.040278,0.081857,-0.034614
-0.005472,0.053514,-0.0031995,-0.0099758,-0.026299,0.050037,0.0067863,-0.0059846,-0.0041158,0.007715
-0.0066341,0.042536,-0.02963,0.0012453,0.0021625,0.0014518,0.0010515,-0.014561,0.026816,-0.012482
-0.036391,0.080686,-0.48892,-0.0033858,0.0019577,0.0060347,-0.007218,0.0059504,-0.083309,0.0079124
-0.0025985,0.0071869,-0.012147,-0.00018103,-0.00094176,-0.0010086,0.0020354,0.0062859,0.016445,0.011348
-0.3136,0.19684,-0.1373,0.00049299,0.00040676,0.075445,0.012712,0.0035856,0.038041,0.00002601
-0.094416,0.19625,0.0012893,0.00090737,-0.0014354,0.090006,0.012949,-0.020203,0.056672,0.004656
-0.059778,0.21951,-0.56325,0.0020449,0.010637,0.018351,0.0028443,-0.086989,0.24129,-0.10979
-0.012786,0.026243,-0.1828,-0.0016709,0.0013922,-0.00032024,-0.0042597,0.0065116,-0.048529,-0.0016624
-0.0084466,0.063275,-0.023052,0.00074933,-0.012904,0.059311,0.0071421,-0.031877,0.15948,-0.043016
-0.0063899,0.05412,-0.00060333,0.0017087,0.0022571,0.0051475,0.0012843,-0.02112,0.048722,-0.017831
-0.018208,0.11061,-0.082524,0.0023966,0.0086719,-0.037237,-0.0036179,-0.007268,-0.024497,0.0034057
-0.16607,0.18054,-0.3553,0.0028501,-0.028381,-0.024946,-0.00018497,-0.053255,0.089054,-0.019912
-0.016471,0.063937,-0.17126,-0.0010387,-0.0031157,0.026353,0.0071823,0.024611,0.022869,-0.035653
-0.28059,0.068321,-0.175,-0.0037224,-0.011975,0.058798,0.018322,0.10655,-0.0096885,-0.012429
-0.020816,0.17959,-0.028005,-0.013458,-0.18373,0.25573,0.028964,0.095504,-0.017466,0.042765
-0.084649,0.030302,-0.0012551,-0.0031048,-0.011116,0.067381,0.0054125,0.020049,0.020117,0.0088715
-0.17219,0.1213,-0.1378,-0.0025329,-0.13382,0.036347,0.0018599,0.012182,-0.056309,0.011675
-7.7918E-16,2.0371E-15,-8.711E-16,-1.1629E-16,-2.178E-16,2.6883E-16,-4.3311E-17,1.0893E-16,1.7336E-16,8.371E-17
-0.025611,0.13783,-0.17317,-0.00025839,0.0046476,0.023592,-0.00052758,-0.0048264,-0.039321,0.0047635
-0.12967,0.4915,0.011712,0.023777,0.064829,-0.21177,-0.0075526,-0.086881,-0.042374,-0.036342
-1.6545,-0.19671,0.10135,-0.0014694,0.000475,0.011156,-0.0038118,-0.0073075,-0.018197,0.0037156
-0.0089509,0.04985,-0.047131,-0.0037485,-0.0083005,0.069407,0.010099,0.020278,0.077207,-0.029662
-0.13768,0.21682,-0.27393,0.0032131,0.0049996,0.02188,0.011523,-0.058432,0.19095,-0.037755
-0.021567,0.15649,-0.058516,0.006479,0.018625,-0.051912,-0.0064504,-0.044466,-0.019581,-0.0057679
-0.038457,0.12615,-0.44206,-0.00158,-0.0064917,0.078208,0.0037818,-0.070289,0.15067,-0.067892
-0.25812,0.21853,-0.53055,0.0030288,0.023724,-0.054386,-0.016093,-0.14717,0.065544,0.057348
-0.050726,0.34332,-0.051283,0.016293,0.04558,-0.12331,-0.0084758,-0.17098,0.28154,-0.067207
-0.0057778,0.025361,-0.040684,0.00039788,-0.0093565,-0.003395,0.0033638,0.00457,0.02559,0.012336
-0.002244,0.01912,-0.0011992,0.00058887,-0.001731,0.013132,0.0014024,0.0010079,0.011883,-0.0045449
-5.1945E-16,1.3889E-15,-4.8395E-16,-1.1629E-17,-2.0691E-16,2.0024E-16,-3.4649E-17,6.7032E-17,1.2554E-16,7.6253E-17
-0.16004,0.22525,-0.15476,-0.0032293,-0.0080384,0.12703,0.02785,0.064637,0.032832,0.031893
-2.4768,-0.29447,0.15172,-0.0021997,0.00071108,0.0167,-0.0057062,-0.010939,-0.027241,0.0055623
-0.070565,0.15114,-1.0714,-0.0090116,0.0097981,-0.0088743,-0.025411,0.07179,-0.35103,-0.027517
-0.02645,0.21367,-0.042132,0.0072533,0.010332,0.0037351,0.0041756,-0.081765,0.13367,-0.060289
-0.20249,-0.015759,-0.014854,-0.00016713,-0.00024646,0.0073978,-0.00023079,-0.015272,0.070341,-0.011847
-0.034181,0.32374,0.051235,0.0013919,-0.0042103,0.10391,0.0083398,0.020503,-0.058552,0.042652
-0.0015929,0.0077323,-0.0035581,0.0006776,0.00027954,-0.0076299,0.0040308,0.024899,0.0091098,-0.0083428
-0.53285,0.1323,-1.244,-0.011712,0.0017528,0.043294,-0.021924,-0.2219,0.1967,0.12609
-0.029989,0.2761,0.048565,0.014413,0.039953,-0.12873,-0.010986,-0.08084,-0.044397,0.000056681
-0.22664,0.086606,-0.35303,-0.000074758,0.00044695,-0.029456,0.0064397,0.053172,0.027993,-0.0067104
-0.014124,0.10007,-0.046553,0.00080717,0.00029306,0.037638,0.0061828,0.00074838,0.021987,-0.010349
-0.020961,0.087965,-0.21513,-0.00077703,-0.027851,0.0054199,-0.0044109,-0.0017538,-0.043961,-0.012723
-0.0085025,0.059292,-0.0050032,0.0028353,0.0074548,-0.019243,-0.0012812,-0.020838,0.044633,-0.014148
-0.020092,0.052717,-0.059844,0.00010662,0.00045629,0.011033,0.00081091,0.0038688,0.0065576,-0.0025622
-0.012882,0.11641,-0.025194,0.0017138,-0.024007,0.1171,0.010231,-0.066447,0.28318,-0.10558
-0.070554,0.57439,-0.062137,0.019293,0.044739,-0.042312,0.0042868,-0.13192,0.097544,-0.053789
-0.0088206,0.062393,-0.012458,0.0024738,-0.016005,-0.021463,0.0024898,0.046066,0.032566,-0.028054
-0.064347,0.30588,0.0051413,-0.0039751,-0.076303,0.17251,0.018198,0.02988,-0.0055721,0.024905
-0.025071,0.069938,-0.27293,0.00033445,0.0015303,-0.0088231,0.0091685,0.050526,-0.002413,-0.015157
-0.033015,0.28371,0.039266,0.016815,0.041813,-0.16968,0.0093592,0.029564,-0.021324,-0.036648
-0.17474,0.12746,-0.23008,-0.0039178,-0.0077547,0.078561,0.01545,0.028813,0.069193,0.029995
-0.068008,0.57885,0.077851,0.035403,0.086528,-0.36476,0.027472,0.1033,-0.037415,-0.08805
-0.21133,0.092434,-0.24912,0.0018414,0.0072875,-0.024464,0.0078021,0.001243,0.073016,-0.010474
-3.8959E-16,1.1343E-15,-3.2263E-16,-6.9776E-17,-2.0691E-16,1.6656E-16,-1.7324E-17,6.2842E-17,9.5648E-17,1.1041E-16
-1.9814,-0.23558,0.12138,-0.0017597,0.00056886,0.01336,-0.004565,-0.0087514,-0.021793,0.0044499
-0.024167,0.070844,-0.31591,-0.0027078,-0.002029,0.030481,-0.0030527,-0.002016,-0.026173,-0.02579
-0.30246,0.25986,0.032843,0.0018791,-0.55123,0.040555,0.047663,0.13835,0.043514,-0.0092874
-0.62182,0.21201,0.047794,0.018403,0.041075,-0.21448,0.036747,0.17697,0.020143,-0.060259
-0.015853,0.12436,-0.024917,0.0024257,-0.025501,0.0074348,0.00055682,-0.014107,-0.0026523,0.0013972
-0.053993,0.52359,0.093787,-0.0095742,-0.022458,0.367,0.049992,0.14275,-0.14283,0.11424
-0.042091,0.34376,0.065676,0.010905,0.036006,-0.098684,-0.01844,-0.084646,-0.074749,-0.022323
-0.073496,0.71264,0.12765,-0.012925,-0.030286,0.49777,0.06784,0.19345,-0.19424,0.15516
-0.050861,-0.0031309,-0.0048016,-0.00015035,-0.0002269,0.0024125,-0.00048901,-0.0044496,0.017464,-0.0011797
-0.21422,0.35087,-0.01342,0.011163,-0.0012254,-0.060467,0.014282,0.013951,-0.014196,-0.021318
-0.14549,0.2137,0.024649,0.0088157,0.02141,-0.069497,-0.0104,-0.068996,0.0013781,-0.0046987
-0.00030675,0.00093496,-0.0012804,-0.000033138,-0.000078396,0.0002938,0.00011778,0.000040987,0.001668,0.00063141
-0.011971,0.10752,-0.028385,0.0026356,-0.015472,0.1197,0.019176,-0.083049,0.32144,-0.11916
-0.47554,-0.056538,0.02913,-0.00042234,0.00013653,0.0032065,-0.0010956,-0.0021003,-0.0052303,0.001068
-0.052261,0.51429,0.075673,-0.019989,-0.058065,0.57346,0.074747,0.19033,-0.030279,0.094843
-0.055721,0.12038,-0.72987,-0.0058534,0.0024568,0.01799,-0.013445,-0.022492,-0.05724,0.0083974
-0.010049,0.062835,-0.013934,0.0030653,0.0048048,-0.0010882,0.0076716,-0.031924,0.16158,-0.061731
-0.0031672,0.02828,0.0041358,0.0020673,0.0050917,-0.02367,0.0020892,0.0055098,0.017714,0.060113
-0.0052187,0.030162,-0.016603,0.0012288,-0.0027911,0.023583,0.0082985,-0.0077231,0.099143,-0.035828
-0.6091,0.1515,-1.4232,-0.0134,0.0020039,0.049509,-0.025068,-0.25353,0.22464,0.14418
-0.019699,0.1406,-0.052977,0.0087277,-0.020894,-0.11815,0.0161,0.11163,0.20242,0.55557
-0.022438,0.076315,-0.28197,-0.0034175,-0.0040505,0.046878,-0.0036158,0.0041236,-0.021764,-0.027571
-0.24793,0.12553,-0.41599,9.3769E-06,0.0063748,-0.027813,0.001894,-0.02207,0.081764,0.01782
-0.037159,0.093099,-0.30057,-0.0018997,-0.0032041,0.0463,0.0022766,-0.015001,0.058116,-0.043453
-0.010873,0.099602,-0.021816,0.0023149,-0.0135,0.10181,0.016006,-0.059725,0.273,-0.11082
-0.061407,0.18484,-0.73725,-0.00419,0.0083894,-0.0054494,-0.015766,0.015184,-0.14215,0.036901
-0.036453,0.16313,-0.31036,0.00296,0.012771,-0.026552,-0.0030007,-0.022376,-0.0068268,-0.021781
-0.0042599,0.013998,-0.013981,0.00081713,-0.000097879,0.011343,0.0092953,-0.010641,0.17822,-0.074594
-1.0097,0.75375,0.13851,0.058891,0.13271,-0.66513,0.10729,0.51965,0.0099395,-0.24853
-0.081151,0.70724,0.10418,0.041295,0.10468,-0.4098,0.014472,0.02308,-0.066759,-0.074247
-0.042734,0.19511,-0.16514,0.00021965,0.0029723,0.046689,0.013,0.025358,0.014379,-0.014398
-0.039898,0.17099,-0.31873,-0.0099861,-0.028758,0.17095,0.017808,-0.02713,0.12432,-0.0012975
-0.050487,0.14638,-0.55695,-0.010258,-0.012903,0.11064,0.00032916,0.0058358,-0.063771,0.045403
-0.13972,0.26259,-0.09314,0.0092852,0.024981,-0.070818,0.019552,0.058502,0.02121,0.10339
-0.0077849,0.069446,0.0087551,0.0032622,0.0074978,-0.021313,-0.0015448,-0.014645,-0.0026383,-0.0031702
-0.033793,0.25377,0.006278,-0.0073563,-0.036396,0.20797,0.12958,0.61168,0.0050005,-0.055693
-1.4069E-16,3.7038E-16,-9.6789E-17,-5.8146E-18,-5.445E-17,5.894E-17,-1.2993E-17,1.6758E-17,3.0388E-17,3.4699E-17
-0.10689,0.32056,0.052088,0.014734,0.037247,-0.12605,0.016018,0.054375,-0.03587,-0.027254
-0.019058,0.099627,-0.12684,0.0010779,0.0048765,-0.0093294,0.0065134,0.027803,-0.0029827,0.0023419
-0.02284,0.12727,-0.13883,-0.00021301,-0.0068723,0.022734,0.0026688,0.0054468,-0.023629,0.00097326
-0.33231,0.3361,0.064028,0.016185,0.04067,-0.13797,0.00025973,-0.016311,0.012884,-0.055379
-0.015936,0.050535,-0.14757,-0.0018742,-0.0030545,0.026305,-0.00063612,-0.017338,0.025483,0.0062202
-0.0085514,0.045236,-0.013183,-0.0012488,-0.0075233,0.041457,0.0056044,-0.0060378,0.087323,-0.031307
-0.0068218,0.027703,-0.060239,-0.0006219,-0.00057992,0.0097692,-0.0013815,-0.00069954,0.0021799,0.0023186
-0.018118,0.074528,-0.072088,-0.0038575,-0.0094225,0.086948,0.01941,-0.069115,0.44208,-0.15955
-0.033376,0.067962,-0.39276,-0.0039345,-0.00091613,0.01324,-0.005797,-0.037372,-0.0025901,0.032274
-0.034646,0.23945,-0.12634,0.0045674,0.012473,0.018753,0.0023902,-0.034779,-0.0075825,-0.0018311
-0.053616,0.49363,0.086829,0.025768,0.071431,-0.23015,-0.019643,-0.14453,-0.079377,0.00010134
-0.0058674,0.048111,-0.01428,0.00073655,-0.0069074,0.049268,0.0082976,-0.028233,0.12933,-0.043437
-0.52011,-0.014714,-0.026508,0.0046426,0.0049085,-0.088386,0.041617,0.21353,0.078785,-0.053189
-0.021498,0.052889,-0.085395,-0.00071609,-0.0016749,0.020793,0.00074862,0.0010479,0.013853,0.0010903
-0.49536,-0.058894,0.030344,-0.00043993,0.00014222,0.0033401,-0.0011412,-0.0021879,-0.0054483,0.0011125
-0.0006135,0.0018699,-0.0025607,-0.000066276,-0.00015679,0.00058759,0.00023556,0.000081974,0.0033361,0.0012628
-0.048665,0.12585,-0.49698,-0.00065095,-0.000056382,0.020181,0.028295,0.018428,0.34093,-0.13852
-0.05918,0.50604,-0.013472,0.0027165,0.01069,0.15031,0.022885,0.024028,-0.09612,0.061731
-0.023528,0.11094,-0.18582,0.00044081,0.0031579,0.017338,-0.0020637,-0.030632,0.024932,-0.032086
-0.067167,0.052583,-0.014807,0.00069873,-0.0081003,0.06563,0.0096355,-0.04274,0.21205,-0.081518
-0.020355,0.044733,-0.083679,-0.00067304,-0.00072334,0.014932,0.00072071,-0.00052994,0.0045403,0.0046304
-0.21953,0.086237,-0.51572,-0.00399,-0.0038854,0.053244,-0.0032149,-0.11439,0.17464,0.015572
-0.000818,0.0024932,-0.0034143,-0.000088367,-0.00020906,0.00078346,0.00031408,0.0001093,0.0044481,0.0016838
-0.17522,1.5364,0.21886,0.0526,0.12437,-0.27923,0.12598,0.46911,-0.18569,-0.074362
-0.07168,0.0011129,-0.0064069,-0.00033678,-0.0033739,0.0077613,-0.0020736,-0.0068412,0.026618,-0.0020871
-0.00071575,0.0021816,-0.0029875,-0.000077322,-0.00018292,0.00068552,0.00027482,0.000095637,0.0038921,0.0014733
-0.047043,0.30543,-0.18386,0.0067143,0.016646,0.017157,0.0028777,-0.088694,0.09221,-0.023414
-0.009446,0.072604,0.0068017,0.0051091,-1.4081,-0.21849,0.0047405,-0.050983,-0.021458,0.0063234
-0.024389,0.12846,-0.18136,-0.002003,-0.0022327,0.059823,0.0045877,0.0054075,-0.018369,-0.0026755
-0.009446,0.072604,0.0068017,0.0051091,-1.4081,-0.21849,0.0047405,-0.050983,-0.021458,0.0063234
-0.032637,0.25911,0.021256,0.020255,0.043807,-0.24229,0.044528,0.20589,0.099549,0.18871
-0.009446,0.072604,0.0068017,0.0051091,-1.4081,-0.21849,0.0047405,-0.050983,-0.021458,0.0063234
-0.009446,0.072604,0.0068017,0.0051091,-1.4081,-0.21849,0.0047405,-0.050983,-0.021458,0.0063234
-0.009446,0.072604,0.0068017,0.0051091,-1.4081,-0.21849,0.0047405,-0.050983,-0.021458,0.0063234
-0.03586,0.11947,-0.029713,0.0038593,-0.0085059,-0.036955,-0.0044901,-0.032617,-0.0098432,-0.0055844
-0.1183,0.051104,-0.15975,-0.0050585,-0.0084299,0.07817,0.0058943,0.0025719,0.0076342,0.041478
-0.15998,0.080863,0.017232,-0.0014422,-0.0031373,0.061257,0.0094707,0.0067872,0.053047,-0.013383
-0.21455,0.31375,-0.4954,0.0063368,0.037286,-0.09681,-0.021812,-0.064973,-0.163,-0.0057632
-0.032704,0.26306,0.0068897,0.012639,0.036194,-0.11498,-0.010769,-0.08868,-0.010449,0.0097991
-0.0049229,0.0322,-0.018543,0.00070438,-0.0036684,0.028626,0.0055191,-0.015364,0.079132,-0.02635
-0.0069091,0.026404,-0.062015,-0.00027482,-0.0095567,0.0014366,-0.0020067,-0.0037154,0.0084318,-0.0012631
-0.1006,-0.0012695,0.0028661,-0.00037181,-0.0045809,0.0077376,-0.0024858,-0.00098142,0.0064994,0.0013025
-2.4768,-0.29447,0.15172,-0.0021997,0.00071108,0.0167,-0.0057062,-0.010939,-0.027241,0.0055623
-0.037896,0.1433,-0.27192,-0.0050691,-0.012626,0.084633,0.048067,0.21197,0.022646,0.010664
-0.6196,0.0022352,-0.21435,0.0044616,0.0137,-0.098697,0.024823,0.010167,0.36871,0.68898
-0.049955,0.091155,0.016484,0.00059297,0.0027882,0.011049,-0.000041478,-0.0072848,-0.0066008,0.0023782
-0.046441,0.42797,0.072186,0.019839,0.056265,-0.17163,-0.015161,-0.1213,-0.043853,-0.016155
-0.18206,0.13236,-0.20358,0.0016362,0.0077442,-0.0016825,0.0017023,-0.0095174,0.039777,0.0062994
-0.00092025,0.0028049,-0.0038411,-0.000099413,-0.00023519,0.00088139,0.00035334,0.00012296,0.0050041,0.0018942
-0.039945,0.15648,-0.079578,0.031347,0.035004,-0.49693,0.21947,1.1732,0.22359,-0.39397
-0.01582,0.14467,0.0062872,0.0016443,-0.019718,0.030876,-0.0046083,-0.035486,0.067863,-0.027615
-0.0079988,0.029928,-0.022778,0.0049283,0.005769,-0.082211,0.030457,0.16016,0.093451,0.10886
-0.28716,0.039889,-0.305,0.0031275,0.0088072,-0.086731,0.033295,0.19928,0.000018276,-0.065732
-0.021472,0.052972,-0.22506,-0.0014207,-0.0015414,0.021435,0.00026808,-0.032606,0.082534,-0.0013099
-0.00024594,0.00082041,-0.00135,0.00002776,-0.000038092,-0.000049498,-0.00024805,0.00085813,0.001175,0.00037006
-5.7717E-16,1.3658E-15,-3.3876E-16,0,-1.8513E-16,1.5064E-16,-3.4649E-17,5.0274E-17,7.074E-17,1.0151E-16
-0.48818,0.041277,-0.0042623,0.0022228,-0.012186,0.10532,0.016733,-0.073106,0.30398,-0.10975
-0.024076,0.069748,-0.10336,-0.00037216,0.00066754,0.019498,-0.00004406,-0.0088052,-0.001425,0.00093652
-0.32676,0.056131,-0.63188,-0.0053701,0.0049117,0.0056059,-0.014151,-0.036643,-0.074847,0.033447
-0.094416,0.19625,0.0012893,0.00090737,-0.0014354,0.090006,0.012949,-0.020203,0.056672,0.004656
-1.8397E-16,3.5881E-16,-7.2592E-17,0,-3.8115E-17,5.3429E-17,-1.7324E-17,8.379E-18,2.8396E-17,7.8778E-18
-0.2679,-0.030556,0.014679,-0.00028175,-0.000027732,0.0021954,-0.00045924,-0.0011268,-0.00071801,0.0014426
-0.0040148,0.010548,-0.01523,0.00055136,-0.00017582,0.013023,0.0096195,-0.017236,0.1813,-0.070259
-0.038063,0.33963,0.019312,-0.0046466,-0.021122,0.24974,0.031209,0.035178,0.066929,0.00747
-0.026993,0.2488,0.041153,0.010726,0.029002,-0.099153,-0.0076931,-0.071445,-0.038579,0.0015043
-0.015643,0.061278,-0.031164,0.012276,0.013708,-0.1946,0.085947,0.45942,0.08756,-0.15428
-0.072072,0.46804,-0.33383,-0.008735,-0.36687,0.17632,0.022127,0.017879,-0.074344,0.042188
-0.0048612,0.03755,-0.014066,0.00045398,-0.0052786,0.043045,0.0053798,-0.025604,0.10447,-0.036152
-0.48327,0.12214,-1.1424,-0.010747,0.0017177,0.039117,-0.020179,-0.19987,0.17316,0.11411
-0.02561,0.20503,-0.00312,0.0054511,0.0083019,-0.050147,-0.0097381,-0.065049,0.0049506,0.014835
-0.094416,0.19625,0.0012893,0.00090737,-0.0014354,0.090006,0.012949,-0.020203,0.056672,0.004656
-0.33286,0.24849,0.045662,0.019415,0.04375,-0.21927,0.035371,0.17131,0.0032768,-0.081933
-0.00092025,0.0028049,-0.0038411,-0.000099413,-0.00023519,0.00088139,0.00035334,0.00012296,0.0050041,0.0018942
-0.011815,0.031777,-0.13135,-0.00052485,0.0023538,-0.024956,0.0069193,0.067158,-0.016603,-0.019735
-0.0037579,0.01157,-0.033721,-0.00062698,-0.0018846,0.0055763,-0.000094569,-0.0034609,0.0078928,0.0047754
-0.079341,0.071808,0.006315,0.0048317,0.0082559,-0.036268,0.010687,0.029802,0.041352,-0.03333
-0.30689,0.28362,-0.74587,0.0056658,0.033047,-0.10845,-0.003167,-0.054327,0.02851,0.014902
-1.4167,-0.16844,0.086784,-0.0012582,0.00040674,0.0095527,-0.003264,-0.0062573,-0.015582,0.0031817
-1.4167,-0.16844,0.086784,-0.0012582,0.00040674,0.0095527,-0.003264,-0.0062573,-0.015582,0.0031817
-3.0301E-16,8.7966E-16,-3.065E-16,-3.4888E-17,-1.3613E-16,1.5156E-16,-2.5986E-17,4.1895E-17,6.5758E-17,9.8744E-17
-4.0402E-16,8.7966E-16,-1.7745E-16,0,-5.445E-17,1.2768E-16,-1.2993E-17,5.8653E-17,5.978E-17,8.395E-17
-1.9814,-0.23558,0.12138,-0.0017597,0.00056886,0.01336,-0.004565,-0.0087514,-0.021793,0.0044499
-1.9814,-0.23558,0.12138,-0.0017597,0.00056886,0.01336,-0.004565,-0.0087514,-0.021793,0.0044499
-1.9814,-0.23558,0.12138,-0.0017597,0.00056886,0.01336,-0.004565,-0.0087514,-0.021793,0.0044499
-1.9814,-0.23558,0.12138,-0.0017597,0.00056886,0.01336,-0.004565,-0.0087514,-0.021793,0.0044499
-1.9814,-0.23558,0.12138,-0.0017597,0.00056886,0.01336,-0.004565,-0.0087514,-0.021793,0.0044499
-1.9814,-0.23558,0.12138,-0.0017597,0.00056886,0.01336,-0.004565,-0.0087514,-0.021793,0.0044499
-1.1904E-16,3.9353E-16,-1.1292E-16,-1.7444E-17,-4.9005E-17,5.1439E-17,-1.0828E-17,1.8853E-17,2.6403E-17,1.744E-17
-0.049762,0.17054,-0.42329,0.0015542,-0.012149,0.15209,0.036024,-0.1742,0.80032,-0.27567
-0.0026023,0.022064,0.00059392,0.00010343,-0.0012365,0.0030271,0.000051804,0.021821,0.0099197,-0.020354
-0.01641,0.13765,0.0166,0.0080955,0.019197,-0.08222,0.0075794,0.029109,-0.006044,-0.021291
-1.9479E-16,4.3983E-16,-1.0485E-16,0,-5.9895E-17,6.2615E-17,-1.2993E-17,1.4663E-17,3.4872E-17,4.2817E-17
-0.037804,0.29164,-0.014617,0.014372,0.024374,-0.13677,0.026548,0.058769,0.17656,0.18674
-0.02287,0.078211,-0.28606,-0.0021971,-0.0040553,0.045087,0.0003689,-0.010763,0.018684,-0.042889
-0.082151,0.15521,-0.57042,-0.0052703,-0.0049343,0.029373,0.0030625,0.063905,-0.053825,0.029725
-0.0019371,0.02004,0.0033812,0.000048213,-0.0015036,0.014683,-0.0038773,-0.000087201,-0.00047381,0.00070791
-0.020241,0.17518,0.0082169,0.00806,0.012437,-0.010971,0.0052389,-0.063175,0.14509,-0.064582
-0.024794,0.17024,-0.088103,0.0061471,-0.017367,-0.015523,-0.0010038,-0.069034,0.080851,-0.035629
-0.028125,0.13945,-0.18393,-0.000044678,0.0037172,0.013707,-0.0017938,-0.033214,0.037894,-0.030797
-0.01883,0.060789,-0.23664,-0.0018609,-0.002493,0.032041,-0.00058631,-0.0060765,0.008545,-0.027641
-0.0065835,0.04204,-0.012367,0.00093654,-0.0011835,-0.036052,0.023159,0.12075,0.093616,0.18994
-0.082862,0.22138,-0.96172,-0.01215,-0.0092038,0.13647,-0.00022084,-0.0020772,0.10519,-0.048693
-0.18873,0.023325,-0.1741,-0.00077873,-0.0017444,-0.0097866,0.006704,0.022754,0.052369,0.0053549
-0.059272,0.14492,-0.19307,0.00081356,-0.00068602,0.041877,0.016413,0.028342,0.11028,-0.055675
-0.033329,0.21444,-0.11091,0.0042435,0.016036,-0.027894,-0.010067,-0.010657,-0.045381,0.014773
-0.11306,0.0096738,0.0022956,0.0017806,0.0017355,-0.029745,0.016633,0.092685,0.017545,-0.032627
-0.12358,0.0028337,-0.0044224,0.0027165,0.0032804,-0.040161,0.018993,0.097425,0.036538,-0.037576
-0.049364,0.21106,-0.409,0.0043929,0.025082,-0.066832,-0.014506,-0.074379,-0.058023,0.016968
-0.48875,0.20814,-0.38778,-0.00041179,0.0018387,0.025831,0.017931,0.051722,0.047916,0.027921
-8.6576E-17,2.7779E-16,-6.0493E-17,-8.722E-18,-3.5393E-17,3.5747E-17,-6.4966E-18,1.6758E-17,2.3912E-17,-3.0068E-19
-0.026785,0.13109,-0.21498,0.00033898,0.0080488,-0.0011838,-0.0062594,-0.0037106,-0.051505,-0.0046403
-0.019084,0.1757,0.030905,0.0091716,0.025424,-0.081919,-0.0069914,-0.051444,-0.028253,0.00003607
-0.025221,0.055996,-0.27939,-0.00074697,-0.00014076,-0.020139,0.0060588,0.046531,0.0069967,-0.0012167
-0.36404,0.23423,0.067507,-0.026489,-0.066147,0.5266,0.061991,0.23107,-0.09971,0.11838
-0.0029554,0.0071366,-0.011182,0.00027341,-0.00041522,-0.0050187,0.0033893,0.011526,0.018111,-0.0010332
-0.1349,0.10835,0.014926,0.0082133,-0.10072,-0.10601,0.013476,0.066574,0.0080941,-0.033361
-0.025969,0.23659,0.021396,0.011019,0.021502,-0.041264,-0.0018925,-0.089444,0.10014,-0.047503
-0.01949,0.098294,-0.13837,-0.00059148,-0.0067701,0.058548,0.010425,-0.013318,0.10751,-0.045528
-0.039643,0.19227,-0.26409,0.0069007,0.022672,-0.082836,0.0033621,0.013638,-0.02456,-0.014218
-0.047823,0.092412,-0.65307,-0.0049831,0.00493,0.0022717,-0.012525,-0.010279,-0.057774,-0.006485
-0.0078434,0.037693,-0.020826,0.0019219,-0.0024349,0.034269,0.015256,-0.023903,0.25636,-0.099806
-0.54674,0.13793,-1.2914,-0.012147,0.0019444,0.044231,-0.022825,-0.22624,0.19606,0.12904
-0.060922,0.57196,0.10131,0.014433,0.041717,-0.011278,0.0068398,-0.043742,-0.11648,0.047815
-3.7516E-16,9.2595E-16,-3.7103E-16,0,-1.2524E-16,1.534E-16,-3.898E-17,5.4463E-17,9.1663E-17,7.6253E-17
-0.016003,0.15054,0.024671,0.0022132,0.0057565,0.02179,0.012193,0.032776,0.0036917,0.12429
-0.0018108,0.013001,-0.0014931,7.9743E-06,-0.00076528,0.0020173,0.0001937,0.01161,0.0076065,-0.0098843
-0.04561,0.40043,0.039932,0.018086,0.037222,-0.10074,0.017275,-0.011336,0.089531,-0.069181
-0.022568,0.19045,0.020538,0.011827,0.02976,-0.11122,0.0075308,-0.022391,0.13737,0.14299
-0.0079697,0.069151,-0.019635,0.0016204,-0.0098761,0.075991,0.012268,-0.052397,0.20524,-0.074417
-0.021775,0.20151,0.033772,0.012058,0.03073,-0.12231,0.0020622,-0.0044435,0.039076,0.18044
-0.033969,0.30018,0.041892,0.010957,0.023666,-0.067146,0.010385,0.044107,-0.031967,-0.0099174
-0.029277,0.26815,0.041522,0.019011,0.047198,-0.21334,0.015851,0.037613,0.13973,0.50841
-0.04071,0.37655,0.050058,0.016258,0.034772,-0.081067,0.00049165,-0.078009,0.068415,0.058956
-0.04791,0.46116,0.079641,-0.0026685,-0.0076353,0.24233,0.034461,0.081524,-0.10575,0.078162
-0.035114,0.31864,0.051666,0.015158,0.038623,-0.12472,-0.0010052,-0.032982,-0.032748,0.030338
-0.060526,0.53761,0.079821,0.021937,0.053198,-0.15255,0.022415,0.060508,-0.049466,0.025369
-0.039036,0.3602,0.060473,0.01127,0.030592,-0.044008,0.0035918,-0.028674,-0.057509,0.012556
-0.020362,0.17653,0.023183,0.0068199,0.01566,-0.044491,0.017932,0.067674,0.0093294,0.058595
-0.026332,0.22778,0.029239,0.010387,0.021717,-0.078318,0.013189,0.05199,-0.01448,-0.022611
-0.031147,0.26675,0.033843,0.016691,0.039032,-0.17325,0.019308,0.07345,0.031014,0.079128
-0.025821,0.2204,0.022825,0.0047703,0.0051179,0.022202,0.01824,0.047567,0.040197,-0.046498
-0.049903,0.43767,0.064798,0.015131,0.041826,-0.098993,-0.012422,-0.12629,0.013139,-0.046206
-0.075427,0.69443,0.12215,0.03625,0.10049,-0.32377,-0.027633,-0.20333,-0.11167,0.00014256
-0.015537,0.12852,0.012443,0.0017304,-0.045687,0.010883,0.0022115,-0.01364,0.021076,-0.0099026
-0.037793,0.34571,0.044528,0.0040237,0.0052977,0.096101,0.029295,0.055916,0.012962,-0.00037694
-0.061103,0.54371,0.056891,0.027685,-0.054242,-0.18889,0.007656,-0.092232,0.13477,-0.10133
-0.032408,0.27551,0.030526,0.015489,-0.10951,-0.15545,0.01088,0.04257,-0.001967,-0.040717
-0.072491,0.4679,-0.23978,0.01429,0.036514,-0.053088,-0.0062657,-0.16954,0.12331,-0.0054724
-0.057028,0.45412,0.043929,0.031486,0.069863,-0.35405,0.057688,0.2762,0.010473,-0.13216
-0.044984,0.41808,0.070526,0.014405,0.038635,-0.074792,0.0042284,-0.027217,-0.040731,0.10326
-0.0049659,0.045391,0.0053661,-0.01017,0.0024476,-0.017848,-0.24536,0.041888,0.027384,0.03493
-0.047764,0.37785,0.0068846,0.023431,0.038081,-0.1767,0.052359,0.14761,0.19999,-0.1582
-0.02609,0.23363,0.034334,0.01121,0.025756,-0.095427,-0.010329,-0.056471,-0.020786,-0.004791
-0.059334,0.53265,0.078226,0.02845,0.070645,-0.24293,-0.003124,-0.066469,-0.0047663,-0.058706
-0.02374,0.21069,0.023229,0.00044959,0.0018412,0.058138,0.0066262,0.035544,-0.025106,0.016999
-0.011887,0.1129,0.0056109,-0.030131,-0.17401,0.01558,-0.62641,0.083261,0.10386,-0.022115
-0.054848,0.5167,0.080996,0.011235,0.024822,0.057513,0.014445,-0.032132,-0.040185,0.020535
-0.0034297,0.01847,0.0024738,-0.00040688,-0.00068976,-0.0033985,0.0027278,0.023977,0.026012,0.076712
-0.038005,0.31277,0.0078834,0.015941,0.024753,-0.060539,0.023739,-0.021714,0.27291,-0.13098
-0.051001,0.4718,0.078478,0.01784,0.047337,-0.099934,-0.0051692,-0.074482,-0.070793,0.0086017
-0.026873,0.21871,0.018867,0.016192,0.033561,-0.1864,0.038554,0.17307,0.10167,0.19842
-0.028778,0.23255,0.02729,0.012533,0.031648,-0.12797,0.0090126,0.020235,0.041517,0.03242
-0.049251,0.43846,0.070713,0.018637,0.01906,-0.1504,-0.0019069,-0.046824,-0.063365,-0.0096815
-0.027159,0.2375,0.031491,0.0079619,0.019279,-0.049588,0.01736,0.056515,-0.004174,0.019396
-0.037607,0.33349,0.04581,0.010642,0.023986,-0.03874,0.023202,0.073361,-0.020568,-0.0070786
-0.027174,0.24744,0.034093,0.0077793,-0.00069398,-0.030216,0.0059944,-0.012647,0.011609,0.0018151
-0.035439,0.28272,-0.0384,0.0089862,0.025433,-0.049424,0.0039924,0.00075859,-0.060724,0.008262
-0.072773,0.68379,0.11907,0.012299,0.036949,0.065316,0.013305,-0.013349,-0.1437,0.072765
-0.045187,0.40094,0.062168,0.017892,0.04833,-0.14331,-0.0011867,-0.040539,-0.05025,-0.0089735
-0.029425,0.25375,0.01051,0.0075216,0.019208,-0.012814,0.0025384,-0.051322,0.018741,-0.0025874
-0.025185,0.22457,0.031064,0.01331,0.034571,-0.13934,0.0015889,-0.011197,0.04894,0.22082
-0.018383,0.16395,0.020879,0.0079947,0.016915,-0.078807,0.019173,0.068622,0.077268,0.26166
-0.053475,0.49056,0.072845,0.021925,0.040444,-0.17185,-0.030556,-0.1334,-0.046262,0.00009778
-0.023161,0.20458,0.030567,0.0085289,0.02153,-0.062525,0.0046151,-0.0020076,-0.010068,0.010461
-6.0603E-16,1.3426E-15,-4.5168E-16,-4.6517E-17,-2.3958E-16,1.733E-16,-4.3311E-17,8.379E-17,1.1558E-16,-9.6218E-18
-0.001536,0.013407,-0.00060745,0.0033338,0.0063512,-0.052656,0.013401,0.05709,0.093916,0.26711
-0.029731,0.25795,0.034056,0.009917,0.023469,-0.063948,0.0089452,-0.0047051,0.030835,0.015893
-0.003225,0.024234,-0.0046873,0.0059081,0.011011,-0.093267,0.024518,0.10391,0.17331,0.48054
-0.031766,0.28669,0.045045,0.0074583,0.026962,-0.057349,-0.059566,-0.037477,0.0054916,0.04615
